Metrics;HitRate@1: ;HitRate@5: ;MRR@1: ;MRR@5: ;
fpmc-algo=fpmc;0.05170545435781;0.06677331131637339;0.05170545435781;0.05710906995545016;
