Metrics;HitRate@1: ;HitRate@5: ;MRR@1: ;MRR@5: ;
fpmc-algo=fpmc;0.02996976442834834;0.0452204538658338;0.02996976442834834;0.03560044744215933;
