Metrics;HitRate@1: ;HitRate@5: ;MRR@1: ;MRR@5: ;
fpmc-algo=fpmc;0.0493410096588476;0.0635200076128848;0.0493410096588476;0.054513013274967985;
