Metrics;HitRate@1: ;HitRate@5: ;MRR@1: ;MRR@5: ;
fpmc-algo=fpmc;0.03217581969302942;0.04788129111213095;0.03217581969302942;0.03799568269508613;
