Metrics;HitRate@1: ;HitRate@5: ;MRR@1: ;MRR@5: ;
fpmc-algo=fpmc;0.029511038131727788;0.04342273307790549;0.029511038131727788;0.0346842121267409;
